<?xml version="1.0"?>
<Cars>
    <Car>
        <Model>Škoda Oktávia</Model>
        <Ddatum>2.12.2010</Ddatum>
        <Cena>500.000,-</Cena>
        <DPH>20</DPH>
    </Car>
    <Car>
        <Model>Škoda Felicia</Model>
        <Ddatum>3.12.2000</Ddatum>
        <Cena>210.000,-</Cena>
        <DPH>20</DPH>
    </Car>
    <Car>
        <Model>Škoda Fabia</Model>
        <Ddatum>4.12.2010</Ddatum>
        <Cena>350.000,-</Cena>
        <DPH>20</DPH>
    </Car>
    <Car>
        <Model>Škoda Oktávia</Model>
        <Ddatum>4.12.2010</Ddatum>
        <Cena>500.000,-</Cena>
        <DPH>20</DPH>
    </Car>
    <Car>
        <Model>Škoda Oktávia</Model>
        <Ddatum>5.12.2010</Ddatum>
        <Cena>500.000,-</Cena>
        <DPH>20</DPH>
    </Car>
    <Car>
        <Model>Škoda Fabia</Model>
        <Ddatum>6.12.2010</Ddatum>
        <Cena>350.000,-</Cena>
        <DPH>20</DPH>
    </Car>
    <Car>
        <Model>Škoda Forman</Model>
        <Ddatum>4.12.2000</Ddatum>
        <Cena>100.000,-</Cena>
        <DPH>19</DPH>
    </Car>
    <Car>
        <Model>Škoda Favorit</Model>
        <Ddatum>5.12.2000</Ddatum>
        <Cena>80.000,-</Cena>
        <DPH>19</DPH>
    </Car>
    <Car>
        <Model>Škoda Forman</Model>
        <Ddatum>6.12.2010</Ddatum>
        <Cena>100.000,-</Cena>
        <DPH>19</DPH>
    </Car>
    <Car>
        <Model>Škoda Felicia</Model>
        <Ddatum>3.12.2000</Ddatum>
        <Cena>210.000,-</Cena>
        <DPH>19</DPH>
    </Car>
    <Car>
        <Model>Škoda Felicia</Model>
        <Ddatum>2.12.2000</Ddatum>
        <Cena>210.000,-</Cena>
        <DPH>19</DPH>
    </Car>
    <Car>
        <Model>Škoda Oktávia</Model>
        <Ddatum>7.12.2010</Ddatum>
        <Cena>500.000,-</Cena>
        <DPH>20</DPH>
    </Car>
</Cars>